AF-4,PF05110
AP-2,PF03299
ARID,PF01388
AThook,PF02178
Betatrefoil,PF09270
bHLH,PF00010
TF_bZIP,PF00170
CBF,PF02312
CG-1,PF03859
CP2,PF04516
CSD,PF00313
CSRNP_N,PF16019
CUT,PF00046
CUT,PF02376
DACH,PF02437
DM,PF00751
E2F,PF02319
ETS,PF00178
Fork_head,PF00250
GCFC,PF07842
GCM,PF03615
GTF2I,PF02946
HMG,PF00505
HPD,PF05044
HSF,PF00447
HTH,PF05225
IRF,PF00605
LRRFIP,PF09738
MBD,PF01429
MYB,PF00249
MycN,PF01056
MyogenicBasic,PF01586
NCU-G1,PF15065
NDT80_PhoG,PF05224
NF-YA,PF02045
NF-YB,PF00808
Nrf1,PF10491
NuclearReceptor,PF00105
P53,PF00870
PAX,PF00292
PBC,PF03792
PC4,PF02229
Pou,PF00157
Pou,PF00046
RFX,PF02257
RHD,PF00554
Runt,PF00853
SAND,PF01342
SCAN,PF02023
SCAN,PF00096
SRF,PF00319
TAFH,PF07531
T-box,PF00907
TEA,PF01285
RHD,PF00554
TIG,PF01833
TSC22,PF01166
Tub,PF01167
VertHST,PF06546
zf_BED,PF02892
zf_C2H2,PF00096
zf_C2HC,PF01530
zf_CCCH,PF00642
zf_GAGA,PF09237
zf_GATA,PF00320
Zf-LITAF-like,PF10601
Zf-MIZ,PF02891
Zf-NF-X1,PF01422
CTF_NFI,PF00859
ESR-like,PF12743
ESR-like,PF00105
THAP,PF05485
ZBTB,PF00651
COE,PF16422
COE,PF16423
TF_Otx,PF00046
TF_Otx,PF03529
MH1,PF03165
MH1,PF03166
RXR-like,PF11825
RXR-like,PF00105
STAT,PF02865
STAT,PF02864
STAT,PF01017
CSL,PF09270
CSL,PF09271
Homeobox,PF00046
